website,page_url,page_name,content
www.designit.com,https://www.designit.com/,home,"Designit
JFK Terminal 4
Creating a future-ready Terminal 4 at JFK airport.
EPI
Building bridges between payment players across Europe.
HemoCue
Revitalising a legacy brand for global leadership in point-of-care diagnostics.
Los Angeles World Airports
Ready to take the airport worker experience to new heights and turbocharge productivity?
JFK Terminal 4
Creating a future-ready Terminal 4 at JFK airport.
1
/
4
Designit
is
a
call
to
action
to
make
the
difference
we
want
to
see
in
the
world.
Together
with
our
partners,
we
blend
a
humanity-centred
approach
with
the
latest
technology
to
respond
to
the
challenges
of
a
fast-evolving
world
and
foster
connections:
within
organisations,
between
brands
and
people,
between
humanity
and
technology.
We
thrive
on
creating
new
solutions
to
complex
problems.
So,
whether
you
come
to
us
to
solve
something
specific
or
want
to
explore
the
wide
range
of
possibilities
for
your
organisation,
we
use
Innovation,
Experiences,
and
Brand
&
Marketing
to
bring
your
ideas
to
life.
Keen
to
dive
deeper
into
what
we
offer?
Check
out
our
services
here
.
R
e
s
p
o
n
s
i
b
l
e
b
y
d
e
s
i
g
n
Do
No
Harm
is
our
guiding
principle.
It
highlights
our
responsibility
to
not
expose
people
and
the
planet
to
additional
risks
through
our
actions.
To
take
a
step
back
from
an
intervention
to
look
at
the
broader
context.
At
every
stage
of
the
project—from
definition
to
launch—we
use
a
framework
to
evaluate,
reassess,
and
mitigate
potential
negative
effects.
It's
our
commitment
to
responsible
and
value-driven
design,
ensuring
we
futureproof
the
impact
we
create,
reducing
risks
of
harm
today
and
tomorrow.
Explore
how
Do
No
Harm
can
help
you
.
D
i
f
f
e
r
e
n
t
b
y
d
e
s
i
g
n
As
an
important
part
of
our
mission,
we
want
to
help
our
clients
to
embed
Diversity,
Equity
and
Inclusion
(DEI)
practices
throughout
their
organisation.
The
aim
is
to
equip
employees,
managers,
and
leaders
with
the
skills,
mindset,
and
materials
to
make
inclusion
a
fundamental
way
of
working
that
reflects
in
their
products,
services,
and
bottom
line.
Here’s
our
approach
to
DEI
.
Curious
to
know
how
we
can
help
your
organisation
shine
through
design
and
experiences?
Learn
more
about
our
work
,
services
and
the
industries
we
help
progress.
W
o
r
k
h
i
g
h
l
i
g
h
t
s
Creating a future-ready Terminal 4 at JFK Airport.
JFK Terminal 4: Defining a North Star Vision
Transforming the LAX employee experience.
Los Angeles World Airports
Building bridges between payment players across Europe.
EPI
Building brand desirability and customer experience.
Pandora
Elevating Danish mobility.
Moove Group
Revitalising a legacy brand.
HemoCue
Show more work
→
S
t
o
r
i
e
s
Read more
Point of view –
Dec 02, 2024
The power of lifestyle choices in shaping a sustainable future
Read more
Learn more
Point of view –
Nov 27, 2024
Six rules for brands to court controversy and thrive
Read more
Dive in
Point of view –
Oct 14, 2024
Design the future: An interview with Annette Reiffenstein, Head of Employee Experience at Lufthansa Group
Read more
Learn more
Point of view –
Oct 10, 2024
Why customers are still left behind in the 2024 energy transition
Read more
Prioritising people and sustainability in modern cities.
Point of view –
Sep 20, 2024
Reimagining urban spaces: Prioritising people and sustainability in modern cities
Read more
Reimagining mobility
Point of view –
Sep 10, 2024
How to reimagine mobility in a world obsessed with cars
Read more
Learn more
Point of view –
Aug 08, 2024
Navigating the complicated relationship between social media users, platforms, and marketers
Read more
See more
Point of view –
Jul 19, 2024
The brand lesson in Coca-Cola's Olympic ‘hugging can’ design
Read more
Show more stories
→"
www.designit.com,https://www.designit.com/stories/point-of-view/six-rules-for-brands-to-court-controversy-and-thrive,stories/point-of-view/six-rules-for-brands-to-court-controversy-and-thrive,"POV:
Six rules for brands to court controversy and thrive
How
can
brands
court
controversy
without
alienating
the
world
to
their
carefully
created
brands?
Date
Nov 27, 2024
In
Point of view
By
Nicholas LaManna
Contact info for Nicholas LaManna
Nicholas LaManna
Brand Strategy Manager,
Seattle
nicholas.lamanna@designit.com
LinkedIn
Originally published in
Mediashotz
Much loved car brand Jaguar courted much controversy and shocked the world when it revealed a massive, bold and radical rebrand this week. Both consumers and marketing experts were left open mouthed by the reveal. Nicholas LaManna, Brand Strategy Leader at
Designit
, shared his insights on how brands can court controversy without alienating the world to their carefully created brands.
Marmite is the ultimate opinion divider in the UK. Its marketing strapline is ‘You Either Love It Or Hate It’. And nothing gets Brits more riled than when they give their opinions on it. It’s become so ingrained in UK culture that ‘Marmite’ has now become a byword for something or someone that divides opinion. Without doubt, this is controversial terrain – and sometimes one that brands find they wander into accidentally. But for those brands that court controversy by design, like Marmite, well they can make some serious noise.
So how do you court controversy as a strategy without letting it takeover and consume your brand?
Courting controversy – aka ‘the Brewdog blueprint’
For some brands, controversy is intentional. They take a calculated risk, betting that the fame boost from being in the spotlight outweighs any negative associations that may arise.
UK brewing company Brewdog exemplifies this method. In its early days, it leaned into controversy—naming products after drug cocktails, selling drinks inside taxidermed animals, and dropping stuffed cats from planes are just a few stunts that landed Brewdog in the court of public opinion.
While controversy initially fuelled Brewdog’s growth, the prolonged backlash may have tarnished the brand’s image among drinkers. Brewdog may argue its tactics align with a ‘punk’ brand ethos, but there’s a sense that this value may have been retrofitted to justify its fame-at-any-cost approach—where tactics may have predated strategy.
Controversy and navigating brand positioning
Brands also tend to be more controversial in earlier and later stages of their lifecycle. Once they hit a certain critical mass and attempt to target the mass market, it’s not uncommon to see brands’ positioning become more diluted due to a misplaced believe that only way to grow is by sanding down our edges.
Sports brands Nike and Gymshark both started off with a very specific target audience (athletes and gym goers respectively) before expanding to cater for wider audiences in pursuit of growth.
However, Nike in particular seems to be making a return to messaging that harks back to its sporting roots with its ‘
winning isn’t for everyone
’ campaign. Similar to Patagonia, Nike’s return to a more aggressive message is based on the premise that it will boost brand loyalty amongst a particular customer segment, with the crucial difference being that it’s more of a conscious choice.
Currently, it’s looking like a smart move that would-be controversy courters can learn from.
Controversy and culture wars
Sometimes, controversy is unintentional. Last year, Bud Light found itself in a ‘culture war’ after a partnership with transgender influencer Dylan Mulvaney, as part of a broader push to cultivate an inclusive image. The campaign sparked backlash and boycott from groups who felt ‘abandoned’ by Bud Light. The intensity of the backlash caught Bud Light off-guard, leading it to distance itself from Mulvaney — a decision that angered supporters and further damaged its reputation.
Bud Light may have fared better sticking to its principles and using the attention to attract new, sympathetic customers.
Industry vs audience controversy
When evaluating controversial campaigns, it’s important to note that the advertising media industry is not a mirror of the thoughts and feelings of your audience. Apple’s recent ‘crush’ campaign for the iPad Pro, for example, evoked negative reactions among advertising insiders but had a more neutral reception with the general public. That said, the advert
didn’t secure a very high effectiveness rating
when tested with target audiences by System 1 either…so it’s possibly just a controversial and ineffective ad.
In any case, the takeaway here is that it doesn’t matter what our industry thinks about the work – all that matters is your audience.
If you think a potentially controversial campaign could be a good fit for your brand, consider some of our do’s and don’ts of courting controversy.
If controversy is your aim…
Do:
Stay true to yourself
A brand isn’t a chameleon. Make sure your bold statements match your true colours. Innocent (the wholesome smoothie company) couldn’t suddenly play the rebel and attempt to shock people, for example – it would feel too jarring and weird because it fundamentally contradicts what the brand stands for
Do: Check the cultural temperature
Even though climate change is the core of Patagonia’s DNA, the brand would most likely not speak out about the carbon footprints of private jets during a natural disaster, when said jets are being used to deliver supplies and emergency aid to those impacted.
Do: Know your audience
This allows you to actually lean into bad press and be unapologetic in your message and your offering, driving further loyalty amongst brand advocates. Swedish food company Oatly has done just this – it’s actually created a website called
fckoatly.com
to commemorate all of its controversies to date, in order to ‘help our fans—and the thousands of people who hate us—better understand everything that’s “wrong” with our company.’
Don't: Join a bandwagon
Empty vessels make the most noise. If your brand has nothing relevant or insightful to say about a particular issue, then resist the temptation to chime in just because everyone else talking. People can always spot when a brand puts on clothes that clearly don’t fit.
Don't: Stray from your vision
Doing so risks alienating the one group you really can’t afford to – loyal brand advocates. If you say something that doesn’t resonate with your brand champions, they’ll question your brand’s association with their identity and the consequences could be grave.
Don't: Be rigid
Culture evolves and attitudes change. Sometimes humanity calls for a change of message, and you have to ignore point number two. There’s a possibility this won’t go down well with a portion of your brand’s fan base, this can be counteracted by appealing to a new audience which can build a stronger connection forge a happier alliance with your brand over the long term.
These guidelines can help steer your brand through potentially polarising campaigns, but it’s crucial to note, that they’re just that – guidelines. When dealing with cultural topics, the goalposts are always shifting. What’s cool today might be cringe tomorrow. The key is to approach these situations with a strong conviction and the humility to pivot as the culture shifts around you.
At the end of the day, backlash is inevitable – there’s no stance that will make everyone happy. Even a well-meaning action could alienate your core audience, but being nimble, authentic, and committed to your principles can help you navigate the choppy waters of culture and emerge stronger.
Curious
how
your
brand
can
deploy
bold
strategies
while
staying
true
to
its
identity?
Let's
chat
.
Related
Learn more
Point of view –
Jun 09, 2025
Designing for the Now: Context-Aware Systems and the Future of CX
Read more
Read more
Point of view –
Jan 15, 2025
How innovation is shaping the future of banking
Read more
Dive in
Podcast –
Dec 16, 2021
Episode 10: Workplaces don't work for everyone. So how can they be fixed?
Read more
Dive in
Event –
May 21, 2025
Designit, A/S Bygmestervej 61 2400, Copenhagen NV
Beyond the lens 2.0: Balancing efficiency and originality in creative work
Read more
Show more stories
→"
www.designit.com,https://www.designit.com/stories/point-of-view/the-2024-energy-transition,stories/point-of-view/the-2024-energy-transition,"POV:
Why customers are still left behind in the 2024 energy transition
The
energy
industry
is
going
through
an
already
visible
transformation
process.
But
can
customers
benefit
from
this
change?
Date
Oct 10, 2024
In
Point of view
By
Miguel Sabel
Contact info for Miguel Sabel
Miguel Sabel
Global Director of Strategy and Sustainability
miguel.sabel@designit.com
A temperature check on the global energy experience
The energy transition is undeniable. It’s a deep, far-reaching, and ongoing process with the potential to significantly impact both climate change and financial returns. Regulation, industry structure, and value chains have evolved dramatically since the early 2000s. The three-Ds – digitalisation, decarbonisation, and distributed generation – are no longer emerging trends but have become mainstream forces shaping the industry.
However, when we shift our focus from industry advancements to customers, the picture changes. For many, the transformation is less evident. Despite living in an energy-transitioned world, most people are still passive consumers rather than prosumers, with little understanding of their energy bills or engagement with providers and no intention to adopt new behaviors for more efficient energy use. The industry may have moved into the future, but customer relationships feel stuck in the past.
Through our global work at Designit, we've seen that consumers' lack of interest in energy is a consistent theme, with engagement often only spiking in response to external factors like rising prices or geopolitical tensions. Yet, the majority of consumers remain disengaged, making it difficult for the industry to forge meaningful connections.
The energy industry is in 2024, and its customer relationships are in 1995
This disconnect presents significant challenges for the energy sector. Renewable energy sources are lowering electricity costs, and the notion of ‘free electricity with paid services,’ akin to the telecom model, is becoming increasingly plausible. Just like telecoms and payments sectors in the past, the energy industry is navigating bundling, unbundling, disintermediation, and verticalisation, with customer relationships becoming key to success.
To better understand what could be the future of these relationships, we've conducted a global temperature check of the energy industry. Differences in regulation, resource access, energy mix configurations, and customer behaviour create a diverse landscape. In some markets, energy supply is fragile, while in others, the cost of electricity has plummeted. Some lead in electrification, others in behavioral change. The energy transition may be here, but its impact varies widely across regions.
Global insights to drive local change
At Designit, our work focuses on harnessing these insights to inform innovation and customer adoption strategies. We've identified five key questions to guide the future of energy customer relationships:
Can the energy industry become as meaningful to customers as the energy it provides?
How can customers navigate the increasing complexity of their relationship with energy?
How can we empower customers to better understand the link between their lifestyles and energy consumption?
We're running out of energy transition early adopters. How do we activate the next wave of engaged customers?
The many positives of the energy transition shouldn't hide the risks of leaving already
vulnerable consumers
behind. How can we achieve commercial and environmental goals doing no harm?
The push for customer relevance
While customers often say they just want the energy they need, not all energy brands or customer relationships are the same. With renewables driving down costs and margins, the diversification of value-added services becomes critical. Digitalisation is also attracting new players adept at building great customer relationships.
Stay tuned for part two, where we’ll explore how the best global customer experiences are shaping the future and how some companies are tapping into people's intrinsic motivations to stay relevant.
Is
your
energy
strategy
ready
to
engage
tomorrow’s
customers?
Let's
innovate
together.
Related
Read more
Point of view –
Jun 09, 2025
Designing for the Now: Context-Aware Systems and the Future of CX
Read more
Dive in
Point of view –
Jan 15, 2025
How innovation is shaping the future of banking
Read more
See more
Podcast –
Dec 16, 2021
Episode 10: Workplaces don't work for everyone. So how can they be fixed?
Read more
See more
Event –
May 21, 2025
Designit, A/S Bygmestervej 61 2400, Copenhagen NV
Beyond the lens 2.0: Balancing efficiency and originality in creative work
Read more
Show more stories
→"
www.designit.com,https://www.designit.com/services,services,"H
o
w
i
t
’
s
d
o
n
e
Shared
progress
takes
shared
work
—
and
we’re
in
it
with
you
for
the
long
haul
crafting,
launching
and
continuously
optimising
your
products,
services,
brands,
ventures,
and
systems.
You
get
access
to
an
integrated
spectrum
of
offerings
and
perspectives
to
every
challenge
you’re
trying
to
solve.
Turning
complex,
often
systemic
problems
into
thoughtful,
holistic
experiences.
Innovation & futures
In the innovation process, it’s essential to explore multiple futures in order for you to actually experience it and make informed decisions based on real data.
Read more about our approach to innovation here.
→
Brand & marketing
For any new brand or marketing campaign to be impactful, you need to bring in as much diversity and perspective as possible right from the start.
Here’s how we do it.
→
Experience & loyalty
At the end of the day it’s all about experiences. Customer experiences, employee experiences, brand experiences—they’re the heart of your business.
Find out more about how we work with experiences.
→
Sustainability by design
Sustainability is present in everything that we do. That’s why we choose to engage with businesses and organisations ready to make a responsible impact on People and the Planet.
Learn more about our perspective on sustainability here.
→"
www.designit.com,https://www.designit.com/stories/point-of-view/design-the-future-with-annette-reiffenstein-lufthansa-group,stories/point-of-view/design-the-future-with-annette-reiffenstein-lufthansa-group,"POV:
Design the future: An interview with Annette Reiffenstein, Head of Employee Experience at Lufthansa Group
“Employee
Experience
should
align
with
our
business
goals
and
organisational
culture.
It
must
be
a
natural
extension
of
our
strategy
and
culture
to
fully
realise
its
potential.”
–
Annette
Reiffenstein
Date
Oct 14, 2024
In
Point of view
By
Anna Milani
Contact info for Anna Milani
Anna Milani
Senior Service Designer
anna.milani@designit.com
LinkedIn
Annette Reiffenstein
, Head of Employee Experience at Lufthansa Group, joins
Anna Milani
, Senior Service Designer & Researcher at Designit, to discuss the evolving significance of the employee experience, the integration of human-centric principles, and the impact of digitalisation and emerging technologies on the workforce in the aviation industry.
Employee experience is only becoming more and more important. As the Head of Employee Experience at Lufthansa Group, what does your role entail? Can you tell us a bit about the role and how it came to be?
I have been with Lufthansa Group for eleven years, during which my role has evolved significantly. I began by managing 70 employees across 10 Lufthansa Worldshop Stores in Germany and Switzerland, overseeing everything from HR to sales, marketing, negotiations with airports, and project management for new store infrastructure.
My next role marked a deeper dive into sales and commercial topics as I took on the position of (Strategic) Key Account Manager at Miles & More, managing partnerships with various external partners including airports, duty-free retailers, mobility services, hospitality, and online retailers. While I gained valuable insights into different business lines from these partnerships and could achieve many success stories together with my colleagues in the analytics and marketing departments, I felt there was more I could contribute. This led me to apply for the internal ‘Impact Week’ programme from Lufthansa Groups Help Alliance, where I participated in a social project in Ghana and became a design thinking coach.
During the COVID-19 pandemic, I also helped organise Lufthansa Group’s virtual Impact Weeks, which further deepened my passion for design thinking and digital collaboration. Using my knowledge in my day-to-day work, this experience led to a pivotal moment in my career when I was nominated for the internal talent initiative ‘Mindsetters’, which included mentorship that guided me toward a group-wide customer experience project. Although it was challenging to balance 50% of my time in my previous role and 50% on a board-level project, the exposure provided me with valuable insights across Lufthansa Group.
While presenting our project results at a leadership conference, I casually mentioned how crucial employee experience is as a foundation for delivering great customer experiences. My ideas sparked interest, and I was encouraged to apply for the newly created position of Head of Employee Experience for the Lufthansa Group.
Upon taking on this role, it became clear that previous efforts in similar fields were primarily focused on HR processes. My approach has been to adopt a more human-centred perspective, translating the principles of customer experience into the realm of employee experience. One of my first initiatives was to establish a community of Employee Experience SPOCs (single points of contact) across all business units. In this community, we have created a heatmap of action fields along the employee lifecycle and are now continuously sharing ideas and best practices. We meet monthly to discuss relevant topics, analyse potential changes, and initiate joint projects as needed. Given Lufthansa’s vast structure, with 150 business units and over 100,000 employees, this initiative is both challenging and rewarding.
My goal is to create added value for all colleagues within Lufthansa Group by working closely with the respective HR teams to enhance unified standards while still respecting the unique identities of individual business units. Although this is an ongoing process, I still firmly believe that a great employee experience, especially with our high number of customer-facing staff, is the foundation for an exceptional customer experience.
As the Head of Employee Experience, would you call yourself a mediator between different business units and cultures within?
I would like to provide further context to explain the complexity of the situation. We are currently undertaking a significant initiative focused on our cultural journey. My colleagues within the group who are managing this act primarily as mediators, as most business units have initiated their own culture programmes.
While they address soft factors such as psychological safety and active listening, I am responsible for the more tangible touchpoints and specific experiences within the employee lifecycle.
For instance, we are currently revamping our onboarding experience to encompass physical, digital, and human aspects across Lufthansa Group. This project occupies approximately 50% of my time, but it is essential for ensuring the retention of newly hired colleagues and introduction to our group culture, values, and overarching networks. This is a team effort, and I rely on collaboration between our business units to achieve our mutual objectives.
Additionally, I view myself as an advocate for employees by ensuring that the experiences we design are implemented as intended and that the diversity of our workforce is considered across all job profiles. For example, I collaborate closely with the team managing our annual employee survey to address all feedback points.
We operate as one group, one team. Although different business units have their own projects, cultures, and identities, our collective strength lies in our unity.
The aviation industry has changed significantly since the pandemic, and so has the workforce. What matters most to your employees today? Have you seen any shifts in their priorities since the pandemic?
Honestly, most of us at Lufthansa Group stay because we love aviation. We often joke that we don't have blood in our veins but kerosene. It's more than a job for us – it's a passion.
During the pandemic, Lufthansa Group did an incredible job of providing security through short-time work, financial safety, and open communication, as it was a very uncertain time for everyone.
Now, with business growing again, we've hired thousands of new employees in the past two years, which is incredible. As we continue to expand our teams, one of my next goals is to ensure that our loyal employees from the crisis are not forgotten. Without our employees, we wouldn't be where we are today.
What moments in the employee journey have proven to be particularly important?
Onboarding is one key touchpoint, but moments that matter along the employee lifecycle can be much smaller and more personal – for example, when a team lead remembers an employee's birthday or work anniversary, or when they provide opportunities to contribute, learn, and grow.
During several workshops, we asked our employees about memorable experiences. Every person had different answers. In the employee experience, just like in the customer experience, touchpoints are important, but the moments that matter vary for everyone.
One example in terms of customer experience is when a pilot introduces themselves and shares details about the flight. It’s a small gesture, but for some people, it creates a magic moment. For employees, these moments are just as unique. Some might value a leader acknowledging their birthday, while others might prefer their birthday to be unmentioned. Understanding and respecting these preferences is what makes these moments special.
Leaders should ask their team members what’s important to them and try to meet those needs. It’s not about grand gestures or fancy equipment. Often, it's the small, intentional actions that can have the greatest impact in creating meaningful experiences for employees. I think individuality and flexibility are key in creating meaningful moments for employees.
How do you capture these subjective, human-driven aspects in terms of data?
Measuring inherently subjective qualities like employee sentiment can be challenging, but it is achievable. By collecting the employee Net Promoter Score (eNPS) and conducting our annual survey, we gather significant feedback on how employees feel. Additionally, we track various KPIs, implement targeted surveys for specific touchpoints, and continually seek more effective ways to dive deeper from a group-wide perspective, identifying key pain points for leaders, who then have the responsibility of working on them together with their teams.
Our cultural journey team is also working on ways to measure organisational culture. Coming from a sales background, I have a strong appreciation for tracking KPIs while maintaining a focus on human-centric elements. This balance fuels my enthusiasm for integrating data-driven insights with a people-first approach.
How are you incorporating digitalisation into the employee experience, and are you leveraging AI or other emerging technologies?
From my perspective, digital employee experience is just as crucial as the human aspect.
We are focussing on software solutions, automation, and collaboration platforms, leveraging data analytics to make informed decisions. In fact, we are beginning to explore the use of various tools, AI chatbots, and virtual reality spaces, which represent some of the most exciting advancements in our digital employee experience strategy. AI is a key part of our future, but it’s equally important that employees feel comfortable using these technologies, viewing them as tools to enhance their work rather than a threat. To support this, our learning department has launched several initiatives focused on AI literacy and its application in the workplace.
Overall, we are excited about the future of digitalisation within aviation. Our goal is to create a more efficient, engaging, and supportive work environment for all employees as we continue to innovate and adapt to the exciting future of aviation.
Do
you
want
to
learn
more
about
our
work
with
the
aviation
industry?
Are
you
looking
for
ways
to
reimagine
your
employee
and
customer
experience?
Reach
out
.
Related
Dive in
Point of view –
Jun 09, 2025
Designing for the Now: Context-Aware Systems and the Future of CX
Read more
Read more
Point of view –
Jan 15, 2025
How innovation is shaping the future of banking
Read more
Dive in
Podcast –
Dec 16, 2021
Episode 10: Workplaces don't work for everyone. So how can they be fixed?
Read more
Read more
Event –
May 21, 2025
Designit, A/S Bygmestervej 61 2400, Copenhagen NV
Beyond the lens 2.0: Balancing efficiency and originality in creative work
Read more
Show more stories
→"
www.designit.com,https://www.designit.com/stories/point-of-view/the-brand-lesson-in-coca-colas-olympic-hugging-can-design,stories/point-of-view/the-brand-lesson-in-coca-colas-olympic-hugging-can-design,"POV:
The brand lesson in Coca-Cola's Olympic ‘hugging can’ design
It's
the
latest
example
from
a
company
that
has
long
been
a
champion
of
unity
and
togetherness
in
its
brand
messaging.
Date
Jul 19, 2024
In
Point of view
By
Kathryn Orr
Contact info for Kathryn Orr
Kathryn Orr
Brand Strategy Director,
Seattle
LinkedIn
Originally published in
Creative Bloq
When it comes to famous brand sponsorships, Coca-Cola and the Olympics go hand in hand – and so do
the new cans that the iconic soft drinks brand has launched
to celebrate the 2024 Paris Summer Olympic and Paralympic Games.
With two cans placed together to create an image of two arms locked in an embrace, the new design symbolises hope and inclusivity. It’s yet another example of Coke getting its branding and activations spot on – and could be a sign of things to come on the streets of Paris this summer.
The new Paris Olympics can design unveiled by Coca-Cola this week is the latest example from a company that has long been a champion of unity and togetherness in its brand messaging, with its well-documented purpose to “refresh the world and make a difference”.
This campaign is perfectly in line with the brand. After all, it seems that every four years, when the summer Olympics roll around, there is a pause of sorts, where the world tends to put aside key differences and struggles and watches with bated breath in hopes of witnessing something miraculous.
There’s little doubt we all have these moments stored in our memory bank. And whether it was an injured
Kerri Strug securing gold
for the Magnificent Seven in 1996 or Derek Redmond's father
supporting him
across the finish line in 1992, we hope to witness greatness in one form or another.
Coca-Cola understands how in these moments, there is magic to be found. In fact, the brand’s long-time support of the Olympics has now become something for marketers, as well as consumers, to look forward to.
It is certainly not the only iconic brand with a long history of supporting the games, but it is hard to find a time when Coke's branding didn’t align with the Olympic spirit. From the legendary
I'd like to buy the world a Coke
Hilltop ad in 1971 to the
Small World vending machines
used to drive
unity between India and Pakistan
, Coke has never shied away from attempting to drive togetherness during times of division.
For this Olympiad, held during one of the most polarised periods of recent years, Coca-Cola has gone beyond the Olympic rings co-branding placement on its packaging. The ‘Hug’ cans were designed to extend its campaign, putting the message directly into the hands of consumers (pun intended), and I think we are going to see more extensions during the Games themselves.
I’m sure I’m not the only one looking forward to seeing how Coke intends to extend this campaign into the streets of Paris for this year's Olympics – for spectators and athletes alike.
Will there be ‘hugging booths’? Exchanges of uniforms? Highlights of Olympians from different countries coming together to celebrate each other's accomplishments? Just as
Schoenmaker and Lazor
famously embraced in the pool in Tokyo, I think Coca-Cola is betting on more moments like this to amplify the magic happening at every Olympic games.
I think we can expect these efforts and more from the brand, as Coke knows better than most the power of moments. The brand is well-practiced in taking smaller engagements and one-to-one interactions and using them in its marketing to drive brand affinity.
Even though the Olympic stage is massive, other brands can learn from Coca-Cola's strategy. They create relatively small moments of happiness, like an on-the-street surprise and delight, and then amplify it into the social space to drive awareness.
For example, I didn't personally see a Happiness Vending Machine in 2010 – after all, it was only placed on
one college campus
in New York – but the impact of the video is so memorable that we still mention it today, 14 years later, as a perfect example of a surprise and delight moment transformed into a marketing campaign.
It will be fascinating to see what Coke does with this campaign during the Olympics, just because it has got it so right in the past. There is a weight of expectation and the brand now has another opportunity to show just how well it can bear it. Fingers – and hugging arms – crossed.
Want
to
unlock
the
true
potential
of
your
brand?
Let’s
chat
.
Related
Dive in
Point of view –
Jun 09, 2025
Designing for the Now: Context-Aware Systems and the Future of CX
Read more
Learn more
Point of view –
Jan 15, 2025
How innovation is shaping the future of banking
Read more
Dive in
Podcast –
Dec 16, 2021
Episode 10: Workplaces don't work for everyone. So how can they be fixed?
Read more
Read more
Event –
May 21, 2025
Designit, A/S Bygmestervej 61 2400, Copenhagen NV
Beyond the lens 2.0: Balancing efficiency and originality in creative work
Read more
Show more stories
→"
www.designit.com,https://www.designit.com/csr,csr,"C
S
R
&
u
s
In the three decades that Designit has existed, Corporate Social Responsibility (CSR) has been core to who we are and how we run our company. In an age where the UN's Sustainable Development Goals drive progress in workplaces worldwide, we go all out to act on them by providing a safe, respectful, equal, and responsive working experience for everyone who calls themself a Designit. As designers and experience makers, People and Planet are at the forefront of our minds in everything we do.
People
We are a 650+ person, strategy- and service-oriented business acquired by Wipro Limited in recent years. The executive leadership, our Global Leadership Team, runs Designit as an independent business and continues to maintain a corporate culture of honesty and transparency. The policies and processes we have in place demonstrate we are committed to diversity, equity, and inclusion and acting on them. Whether it be in person or online, Designit aims to be accessible to all.
Everyone working at Designit receives:
a living wage;
generous health care benefits;
access to a retirement plan with an employer-matching contribution;
and Paid Leave/Paid Time Off (PTO), including time off for new parents, bereavement, or other personal events or responsibilities.
Everyone working at Designit has training opportunities: Mandatory training such as Diversity, Equity & Inclusion (DEI) and IT security, and Optional training organised in local studios and as part of individually defined talent plans. Our commitment to DEI values means we work every day to:
Be authentic.
It's a journey, but we are prepared to roll up our sleeves and work hard to make positive change.
Cultivate belonging.
Having a safe workplace and feeling like you belong is deep-rooted in everything we do.
Inspire change.
Our actions today determine who we are in the future. Our goal is to be the changemakers
we
want to see.
Everyone at Designit also has bi-annual talent reviews and opportunities for growth throughout the year. Take a look at the section
‘Your growth is on you’
on our
Jobs page
to discover more.
People at Designit also have the flexibility to work remotely, and when they choose to work from the studio, they can expect full accessibility to all facilities. Special requests by our people or by potential Designits are welcomed and managed by our People team.
Inside and outside Designit, our people are passionate about organisations creating positive change in society. It’s one of the many common threads linking everyone here. This passion aligns well with the goals of the Wipro Foundation, which represents the Corporate Social Responsibility initiatives of Wipro Limited. Together, the continuous aim is to make a difference using the
UN Sustainable Development Goals
as guidance.
Planet
In Designit, our people are committed to sustainable futures across global leadership and in our local studios. We take a sustainable approach to everything we do.
When it comes to working, Designits have the ability to Work From Anywhere (WFA). But when they’re in local studios, we encourage recycling and composting programs supported by our building waste management teams to reduce the consumption of water and power and the creation of waste and emissions. Also, Designit has reported into the
Climate Disclosure Project (CDP)
as an independent business for three years.
Our parent company, Wipro Limited, has a common expression:
S
ustainability is about good citizenship.
The recognition Wipro has received for their efforts in this area demonstrates that they believe in being a good corporate citizen. Wipro is committed to achieving Net-Zero Greenhouse Gas emissions by 2040 and a 55% reduction by 2030. Discover more about their commitment on
their dedicated sustainability site
.
Starting this year, our data and information will be included in the Wipro annual report. Although the numbers will be at Wipro Limited level, we will continue to unfold how we:
select office locations with LEED certifications and unique “Green” building upgrades,
how we purchase environmentally-friendly studio products,
and how we make year-on-year improvements in energy consumption and emission reduction.
Have a question?
Hop on over to our
Contact page
and drop us a line.
This CSR report
This report is GRI-Referenced, Index: GRI 302: Energy; GRI 303:Water and Effluents 2018; GRI 305: Emissions; GRI 405: Diversity and Equal Opportunity 2016; GRI 413: Local Communities."
www.designit.com,https://www.designit.com/humanity-centred-experiences-enhanced-by-genai,humanity-centred-experiences-enhanced-by-genai,"H
u
m
a
n
i
t
y
-
c
e
n
t
r
e
d
e
x
p
e
r
i
e
n
c
e
s
e
n
h
a
n
c
e
d
b
y
G
e
n
A
I
GenAI
is
poised
to
elevate
the
way
companies
design,
innovate,
and
solve
problems
around
human
needs.
We
actively
pursue
this
transformative
potential
and
balance
it
with
a
clear
vision
of
when
humans
should
lead
and
when
we
should
co-pilot.
Regardless
of
the
option
used,
we’re
guided
by
our
Do
No
Harm
principle
and
always
consider
the
unintended
consequences
of
what
we
create
could
have
on
humanity.
Opportunity spaces with &AI
A humanity-centric approach to incorporating GenAI into your business unlocks numerous growth and innovation opportunities.
Create new revenue and optimi
s
ation opportunities
Identifying which components of your business can be augmented and automated to create novel revenue sources or optimise your operation.
Deliver superior products,
experiences
and propositions
Translating visionary fluid experiences that enhance your clients’ lives into concrete products today.
Ensure a smooth and impactful acquisition of
GenAI
throughout your teams
Defining employee experience, processes and cultural change strategies for GenAI-enabled organisations.
Incorporate
GenAI
in your own experience innovation processes
Reimagination of research, conceptualisation, and operation across all experience and product functions for greater impact.
Our offerings
1. Im
pactful opportunities
GenAI can help you streamline tasks and find new ways to run your business. This frees up your time to focus on what matters and create a more efficient operation.
Service: &AI Scouting
Three weeks to identify growth opportunities enabled by GenAI and assess your externalities.
2. Materialising visionary experiences
With GenAI, you can turn your best ideas into real products and experiences that make a difference for your customers. This means better products and services for both you and them.
Service: &AI Experiment
A design sprint to prototype differentiating experiences that are liquid, multimodal, and ultra-personalised.
3. GenAI enabled EX
Getting the most out of GenAI for your team is about three things: making it easy and helpful for them to use, improving workflows, and adjusting company culture to fit this new technology.
Service: &AI Cultural probe
Three weeks to ease into GenAI adoption in your team and cultural context.
4. Reimagined innovation management
By generating product ideas, crafting mock-ups, and automating testing, GenAI frees your team to focus on high-impact work. This translates to faster time to market for innovative products that resonate with your customers.
Service: &AI Unlearning
Three days to build GenAI-powered experiences using and acquiring GenAI-powered processes.
Want
to
know
more
about
how
you
can
grow
your
business
using
a
humanity-centred
approach
to
GenAI?
Get
in
touch.
Points of view
See more
Point of view –
Apr 03, 2024
So far in 2024: AI innovation, regulation, and the ethical frontier
Read more
See more
Point of view –
Feb 01, 2024
AI and emerging technology: The key to a better travel experience?
Read more
Read more
Point of view –
Mar 05, 2024
Four ways to identify generative AI ideas with staying power
Read more
See more
Point of view –
Jan 15, 2025
How innovation is shaping the future of banking
Read more
Show more stories
→
Miguel Sabel
Global Director of Strategy and Sustainability
miguel.sabel@designit.com
Dr. Pardis Shafafi
Global Responsible Business Lead,
Oslo
pardis.shafafi@designit.com
LinkedIn
Jonathan Kahan
Strategic Design Director,
Madrid
jonathan.kahan@designit.com"
www.designit.com,https://www.designit.com/business-sustainability,business-sustainability,"S
u
s
t
a
i
n
a
b
i
l
i
t
y
b
y
d
e
s
i
g
n
Climate
change,
inequality
and
nature
loss
are
systemic
design
failures.
For
centuries,
we’ve
designed
solutions
and
systems
without
knowing
or
considering
their
impacts
on
people
and
the
planet.
The
consequences
are
experienced
by
millions
every
day.
Our
shared
future
will
be
determined
in
how
successfully
we
design
tomorrow
with
both
humanity
and
ecology
in
mind.
During the last 30 years we have applied strategic design to sustainability challenges to create shared progress across markets and industries. We did it by design.
Today, we help companies reimagine and reach their sustainable future. We enable sustainable transformations by
activating purpose, materialising solutions,
and
empowering people.
Sustainability Services
Activating purpose
We help you envision your company’s role in a sustainable society and the actions to take in pursuing its mission.
Materialising Solutions
We help you define a consistent offering portfolio strategy that enables the design and launch of successful sustainable products and services.
Empowering People
We embed sustainability into the employee experience, supporting their development while enabling them to be sustainable changemakers.
Sustainable
solutions
create
sustainable
business.
Let’s
design
tomorrow’s
sustainable
solutions
today.
Contact
us
to
get
started:
sustainability@designit.com
Cases
How can you revisit your company’s go-to-market strategy to reposition it with high impact?
LYS Technologies
Experience the future of air travel dining.
Scandinavian Airlines
Transform your energy management.
Iberdrola
Bridging the digital divide.
Acer Barrier Breakers
Show more work
→
Let’s act. Together.
Miguel Sabel
Global Director of Strategy and Sustainability
miguel.sabel@designit.com"
www.designit.com,https://www.designit.com/,home,"Designit
JFK Terminal 4
Creating a future-ready Terminal 4 at JFK airport.
EPI
Building bridges between payment players across Europe.
HemoCue
Revitalising a legacy brand for global leadership in point-of-care diagnostics.
Los Angeles World Airports
Ready to take the airport worker experience to new heights and turbocharge productivity?
JFK Terminal 4
Creating a future-ready Terminal 4 at JFK airport.
1
/
4
Designit
is
a
call
to
action
to
make
the
difference
we
want
to
see
in
the
world.
Together
with
our
partners,
we
blend
a
humanity-centred
approach
with
the
latest
technology
to
respond
to
the
challenges
of
a
fast-evolving
world
and
foster
connections:
within
organisations,
between
brands
and
people,
between
humanity
and
technology.
We
thrive
on
creating
new
solutions
to
complex
problems.
So,
whether
you
come
to
us
to
solve
something
specific
or
want
to
explore
the
wide
range
of
possibilities
for
your
organisation,
we
use
Innovation,
Experiences,
and
Brand
&
Marketing
to
bring
your
ideas
to
life.
Keen
to
dive
deeper
into
what
we
offer?
Check
out
our
services
here
.
R
e
s
p
o
n
s
i
b
l
e
b
y
d
e
s
i
g
n
Do
No
Harm
is
our
guiding
principle.
It
highlights
our
responsibility
to
not
expose
people
and
the
planet
to
additional
risks
through
our
actions.
To
take
a
step
back
from
an
intervention
to
look
at
the
broader
context.
At
every
stage
of
the
project—from
definition
to
launch—we
use
a
framework
to
evaluate,
reassess,
and
mitigate
potential
negative
effects.
It's
our
commitment
to
responsible
and
value-driven
design,
ensuring
we
futureproof
the
impact
we
create,
reducing
risks
of
harm
today
and
tomorrow.
Explore
how
Do
No
Harm
can
help
you
.
D
i
f
f
e
r
e
n
t
b
y
d
e
s
i
g
n
As
an
important
part
of
our
mission,
we
want
to
help
our
clients
to
embed
Diversity,
Equity
and
Inclusion
(DEI)
practices
throughout
their
organisation.
The
aim
is
to
equip
employees,
managers,
and
leaders
with
the
skills,
mindset,
and
materials
to
make
inclusion
a
fundamental
way
of
working
that
reflects
in
their
products,
services,
and
bottom
line.
Here’s
our
approach
to
DEI
.
Curious
to
know
how
we
can
help
your
organisation
shine
through
design
and
experiences?
Learn
more
about
our
work
,
services
and
the
industries
we
help
progress.
W
o
r
k
h
i
g
h
l
i
g
h
t
s
Creating a future-ready Terminal 4 at JFK Airport.
JFK Terminal 4: Defining a North Star Vision
Transforming the LAX employee experience.
Los Angeles World Airports
Building bridges between payment players across Europe.
EPI
Building brand desirability and customer experience.
Pandora
Elevating Danish mobility.
Moove Group
Revitalising a legacy brand.
HemoCue
Show more work
→
S
t
o
r
i
e
s
Read more
Point of view –
Dec 02, 2024
The power of lifestyle choices in shaping a sustainable future
Read more
Learn more
Point of view –
Nov 27, 2024
Six rules for brands to court controversy and thrive
Read more
Dive in
Point of view –
Oct 14, 2024
Design the future: An interview with Annette Reiffenstein, Head of Employee Experience at Lufthansa Group
Read more
Learn more
Point of view –
Oct 10, 2024
Why customers are still left behind in the 2024 energy transition
Read more
Prioritising people and sustainability in modern cities.
Point of view –
Sep 20, 2024
Reimagining urban spaces: Prioritising people and sustainability in modern cities
Read more
Reimagining mobility
Point of view –
Sep 10, 2024
How to reimagine mobility in a world obsessed with cars
Read more
Learn more
Point of view –
Aug 08, 2024
Navigating the complicated relationship between social media users, platforms, and marketers
Read more
See more
Point of view –
Jul 19, 2024
The brand lesson in Coca-Cola's Olympic ‘hugging can’ design
Read more
Show more stories
→"
www.designit.com,https://www.designit.com/stories/point-of-view/navigating-the-complicated-relationship-between-social-media-users-platforms-and-marketers,stories/point-of-view/navigating-the-complicated-relationship-between-social-media-users-platforms-and-marketers,"POV:
Navigating the complicated relationship between social media users, platforms, and marketers
Most
people
aren't
deleting
their
accounts
–
they're
changing
how
they
use
social
media
altogether.
Date
Aug 08, 2024
In
Point of view
By
Michael Harding
Contact info for Michael Harding
Michael Harding
Social Media Lead,
Seattle
michael.harding@designit.com
Originally published in
ANA (Association of National Advertisers)
People
reducing
their social media usage is the most recent trend in the ongoing complex – and often convoluted – relationship between social media users, platforms, and marketers. Yet the majority of those on social media aren't deactivating their accounts or deleting them entirely, they're just starting to use social media differently. As the number of global and U.S. users
continues to rise
, what does this shift in behaviour and expectation mean for marketers, who have spent the past decade honing their social campaigns? And how do we handle that shift?
To answer both those questions, it's important to understand the drivers of this behaviour change – as well as grasp the context in which they're happening. Trust, and the notion of data sanctity, have become increasingly important to users as social media matures, and is now arguably at its zenith.
Let's review the scene: The social media landscape is now highly commercial. Policy decisions by tech and social media companies are guided by commercial interests, and that invariably means collecting, analysing, and selling, user data. This facilitates the core marketing impetus to sell.
But – and here's the rub – as people catch on to the fact that they are, in fact, the ‘product’, they're moving to more controlled and curated spaces. Part of this means they're expecting more engagement through content that is far more nuanced. And many are seeking more private and meaningful connections through features like Instagram's
Close Friends
, which offers a more controlled and ad-free (and therefore more trustworthy) environment.
On one hand, then, users are becoming more careful in how they engage with social media and are less trusting than ever as they seek genuine authenticity. On the other side, increasing regulatory pressures are forcing the platforms themselves to change how they approach a lot of the content and curation they manage.
Rules and responsibilities
When it comes to regulation, it's no secret that the pace of social media evolution often outstrips regulatory measures – particularly as platforms must adhere to diverse legal standards across different regions. There have been various national approaches to managing issues like false information and hate speech, such as
Germany's Network Enforcement Act (NetzDG)
, which placed the responsibility of content regulation on the platforms themselves.
In response to these types of pressures coming from lawmakers, social media companies have implemented several changes with notable speed and scale. We have seen
investment
in content moderation teams (although there has also been
backlash
) plus a greater focus on
transparency
in advertising and
fact-checking partnerships
.
These have, in many cases, been combined with adjustments to algorithms. Instagram is the latest platform to
change
its algorithm, aiming to, in its own words, ""Give all creators a more equal chance of breaking through to new audiences."" This algorithm change has also received its fair share of
backlash
from creators, particularly those who support content aggregators or are less in favour of the perceived shift to Reels and video content.
Tell, don't sell (at least not overtly)
These shifting sands are causing a concurrent transformation in marketers and their marketing strategies as they seek to keep pace with technological and cultural changes. Some are either pulling back or disengaging from social media altogether, but doing so means limiting advertising reach and impact. It’s far better to adapt the existing approach to incorporate the change.
As we go further into the age of ‘tell – don't sell’ (or at least not too overtly), there are clear hygiene factors that underpin all agile social media strategies.
The first is to invest in understanding the specific platforms used by the target demographic and tailor your strategies accordingly with a view toward adopting a ‘quality over quantity’ mindset, and ensuring the content is engaging and relevant to the audience.
This is relevant to the content itself, which should resonate with the target audience's values and interests, rather than just pushing for sales. Building an active online community and engaging with users in a meaningful way is crucial, as is personalizing content for different platforms to ensure it adds value to the audience's values.
Then comes ethics. There is a clear and welcome move towards more transparent marketing practices, that cover (but aren't limited to) respecting user privacy and data; sharing only accurate and verified information; avoiding the exploitation of sensitive issues for engagement; clearly disclosing relationships with influencers; monitoring and acting on user feedback; and avoiding the use of fear-based tactics to drive engagement or sales.
What's clear is that despite the inherent issues with social media, it also remains one of the most important channel for marketers – as we said at the start, it continues on a growth trajectory that shows no signs of slowing. Maintaining the right level, and right quality of content, is vital for campaign visibility and effectiveness, if brand strategies evolve in line with the nature of usage and user needs.
Does
your
brand
need
help
adapting
to
the
complicated
social
media
landscape?
Let's
talk
.
Related
Dive in
Point of view –
Jun 09, 2025
Designing for the Now: Context-Aware Systems and the Future of CX
Read more
See more
Point of view –
Jan 15, 2025
How innovation is shaping the future of banking
Read more
Dive in
Podcast –
Dec 16, 2021
Episode 10: Workplaces don't work for everyone. So how can they be fixed?
Read more
Learn more
Event –
May 21, 2025
Designit, A/S Bygmestervej 61 2400, Copenhagen NV
Beyond the lens 2.0: Balancing efficiency and originality in creative work
Read more
Show more stories
→"
www.designit.com,https://www.designit.com/dei,dei,"D
i
f
f
e
r
e
n
t
b
y
d
e
s
i
g
n
Design
at
its
core
is
about
the
lived
human
experience.
It’s
creating
products,
services
and
experiences
that
identify
unique
problems
and
solving
them
with
the
most
effective
solutions
for
the
widest
range
of
people.
But
what
if
‘the
widest
range
of
people’
isn’t
wide
enough?
Applying
Diversity,
Equity
and
Inclusion
(DEI)
principles
to
your
design
process
and
company
culture
allows
you
to
extend
your
offerings
and
further
meet
the
diverse
needs
of
your
employees
and
customers.
Simply
put,
it
considers
the
full
range
of
human
diversity
with
respect
to
ability,
language,
culture,
gender,
age
and
other
forms
of
human
differences.
Inclusive culture
As far as first steps go, there’s no one-size-fits-all answer. A lot will depend on the culture you already have within your company and how diverse it already is.
But one thing is for sure: To successfully create broader offerings for the full range of human diversity, you need to guarantee an inclusive culture and give diverse talent a sense of belonging when they join the organisation.
‘Changing an organisation’s culture is one of the most difficult leadership challenges. That’s because an organisation’s culture comprises an interlocking set of goals, roles, processes, values, communications practices, attitudes and assumptions.’ -
Steve Denning
,
Forbes contributor
An emphatic approach
Inclusion requires an extra touch of sensitivity because of the very nature of the topic. The approach needs to be:
Meaningful:
A organisational purpose that resonates with everyone and is clearly communicated.
Comprehensible:
People are prepared to change if they understand the necessity of change and their contribution to it.
Manageable:
Measure effort according to the resources to achieve sustainable results in the long term.
Inclusivity as a methodology
As an important part of our mission, we want to help our clients to embed inclusive practices throughout their organisation. The aim is to equip employees, managers, and leaders with the skills, mindset, and materials to make inclusion a fundamental way of working that reflects in their products, services, and bottom line.
We work with DEI by Understanding the purpose of your organisation and building a future vision with you. We set up a solid and shared understanding of Awareness on DEI, define a path, and prioritise the Actions that will make you achieve your vision.
The
awareness
program
at
a
glance:
Our
unconscious
biases
play
first
every
time
we
make
a
decision,
and
in
every
decision-making
moment,
we
have
the
chance
to
include
or
exclude
someone.
That’s
why
one
of
the
most
challenging
parts
of
inclusivity
is
Awareness.
With
the
4
modules
program,
we
increase
knowledge
on
Diversity,
Equity
and
Inclusion
in
the
broadest
sense,
and
develop
awareness
to
counter
the
biases
that
live
within
all
of
us
to
help
you
make
more
inclusive
and
equitable
decisions:
Starting with DEI
Cover the basic concepts in module 1. Learn about diversity, equity, inclusion definitions to complex concepts as intersectionality, microaggression and stereotypes.
Looking inwards
Look inwards in module 2 by learning about unconscious biases and how to counter them. Plus, approaching our cultural lens by reflecting on ethnocentric and ethnorelative mindsets.
Looking outwards
After module 2, we’re ready to look outwards in module 3. The psychology of our social identity, the intersection of power and privilege explained, complemented with other key definitions as social justice, oppression or meritocracy.
Skills & best practices
Finally, equip ourselves with skills and tools to address DEI in our work routine and life in module 4. Put in practice skills for inclusive conversations, work across cultures, and take action through allyship and upstander culture.
If
you’re
curious
about
how
to
apply
a
DEI
lens
to
your
processes
and
company
culture,
drop
us
a
line
.
We’d
love
to
talk."
www.designit.com,https://www.designit.com/do-no-harm,do-no-harm,"D
o
N
o
H
a
r
m
We believe that innovation and creativity should be aligned with the well-being of people and the planet—and we're not the only ones. International regulatory frameworks are increasingly focused on ensuring responsible business practices, such as the
EU's Corporate Sustainability Due Diligence Directive (CSDD)
,
California Consumer Privacy Act (CCPA)
, and
EU AI regulations.
Designit's Do No Harm Framework helps you navigate these crucial themes as sustainability issues become more pressing and consumers and employees move towards ethics and value alignment with brands.
By adopting a Do No Harm approach, businesses can more efficiently anticipate, prevent, and respond to potential harms. This practical guide transforms good intentions into documented positive impacts, providing a clear path for responsible and sustainable business practices
Consider the various areas where applying the Do No Harm framework to your projects can support better outcomes and drive transformative change:
Policy and changing legislative landscapes
AI considerations
Risk management
Sustainability considerations
Brand ethics and consumer implications
Forecasting and preparedness
Recruitment and retention
Culture boosting
Learn
more
about
our
framework
to
discover
how
this
approach
can
assist
you
and
your
business
in
making
informed
decisions.
Creative Review:
Should we be worried about AI washing?
Media Post:
'AI Washing' Is A Thing More Creatives Should Know About
Creative Bloq
:
Creatives need to be vigilant about AI washing
Media Shotz:
Top creatives blind To ‘AI washing’ – global poll
Association of National Advertisers:
A Better, More Transparent Way Forward with Social Media
Business News:
Three business predictions for 2024 - From Dr. Pardis Shafafi
Want
to
know
more
about
how
Do
No
Harm
can
benefit
your
business?
We'd
love
to
hear
from
you.
Get
in
touch.
Contact
Dr. Pardis Shafafi
Global Responsible Business Lead,
Oslo
pardis.shafafi@designit.com
LinkedIn
Giulia Bazoli
Lead UX Designer,
Oslo
giulia.bazoli@designit.com
LinkedIn
Deepshikha Kamerkar
User Experience Designer,
Bengaluru
deepshikha.kamerkar@designit.com
LinkedIn
Elphège Barthe
Senior Designer,
London
elphege.barthe@designit.com
LinkedIn
Myriam Molitor
Service Designer,
London
myriam.molitor@designit.com
LinkedIn
Carla Damerell
Lead Service and Strategic designer,
Madrid
carla.damerell@designit.com
LinkedIn
Related content
Supporting at-risk youth in completing their education.
Bridging Service for the schools of Bydel Grünerløkka
Improving the patient experience.
Oslo University Hospital
Destigmatising mental health.
ReachOut
Show more work
→
Read more
Point of view –
Mar 31, 2023
The power of Do No Harm in design: Part one
Read more
Learn more
Point of view –
Apr 12, 2023
The power of Do No Harm in design: Part two
Read more
Show more stories
→"
www.designit.com,https://www.designit.com/stories/point-of-view/reimagining-urban-spaces,stories/point-of-view/reimagining-urban-spaces,"POV:
Reimagining urban spaces: Prioritising people and sustainability in modern cities
In
part
one
of
our
mobility
series,
we
explored
the
growing
inefficiency
of
car-centric
cities
and
the
urgent
need
to
rethink
mobility.
In
part
two,
turn
your
focus
to
the
transformative
potential
of
urban
design
and
examine
how
cities
can
evolve
by
prioritising
people
over
cars.
Date
Sep 20, 2024
In
Point of view
By
Jakob Voldum
Contact info for Jakob Voldum
Jakob Voldum
Insights and Strategy Design Director,
Copenhagen &
            Aarhus
jakob.voldum@designit.com
LinkedIn
Nantes, a different kind of smart city
A few years ago, I visited Nantes in the Western part of France – a city similar in size to Copenhagen. Once dominated by car-centric infrastructure, Nantes has boldly reimagined itself into a vibrant, sustainable space where public art and urban planning coexist. The integration of art and history into everyday life left a lasting impression on me.
One of the most striking features is a
giant mechanical elephant
that moves through the city centre, inspired by a steampunk aesthetic and paying homage to the city's industrial heritage and its famous citizen, Jules Verne, the pioneering science fiction author. In addition to the interactive installations and striking murals, the city feels like an open-air museum.
But perhaps the real magic lies in how Nantes has reclaimed its urban spaces. By reducing car dependency through an extensive tramway system, expanding pedestrian zones, and increasing bike lanes, the city has transformed from a space choked with traffic into a vibrant city that offers novel experiences.
Nantes shows us what’s possible when a city puts its residents first, blending culture, sustainability, and liveability into a unique urban experience. It’s a powerful reminder that with vision and creativity, our cities can become places of connection, recreation, and reflection.
Challenges and opportunities for the mobility sector
As cities worldwide grow more crowded and polluted, the mobility sector faces several complex challenges. Urbanisation, sustainability goals, and the rise of alternative micromobility options are forcing us to deeply rethink the future of transportation.
While the pressure to meet 2030 emissions targets is undeniable, there’s another more direct, commercial challenge: the decline of private car ownership. Most observers of the automotive industry agree that car ownership will steadily decline in the coming decades, driven by a variety of factors, including space constraints and changing societal preferences.
Urban
areas
are
simply
running
out
of
space
–
and
people
are
running
out
of
time.
In global megacities, traffic congestion has become one of the most significant frustrations, and it’s a serious detriment to quality of life. According to the
2023 Global Traffic Scorecard by INRIX
, London is among the most congested cities in the world, and drivers in London lose around 100 hours per year sitting in traffic. This results in an estimated economic loss of nearly £4 billion, factoring in lost productivity, increased fuel consumption, and higher costs of goods and services due to transportation delays.
But the impact of congestion goes far beyond economic losses. It exacerbates pollution levels, contributes to higher accident rates, and eats away at precious time people could spend with loved ones or on leisurely activities. For many urban residents, especially those in megacities where infrastructure struggles to keep pace with the increasing number of vehicles on the road, the cumulative effect is a decline in overall well-being.
In short, private car ownership and big cities are no longer compatible. The infrastructure required to sustain cars – roads, parking spaces, and maintenance facilities – consumes valuable space that could otherwise be used for parks, public spaces, green areas, or more efficient transportation systems.
It’s clear that the costs are starting to outweigh the benefits.
A new era for mobility
Mobility has always been a defining feature of human civilisation. From the earliest migrations on foot to the invention of the wheel in ancient Mesopotamia, advancements in mobility have continually shaped the way we live, trade, and interact.
The wheel, arguably one of the most significant inventions in history, revolutionised transportation, enabling goods and people to travel over longer distances. This leap in mobility laid the foundation for the development of early civilisations, with roads becoming the central nervous system that connected empires, enabling trade, communication, and cultural exchange.
In the 19th century, the automobile marked another transformative shift. The car became a symbol of freedom and reshaped not only transportation but entire cities. Roads expanded, suburbs grew, and car ownership became a marker of personal success. The private car had a critical contribution to creating and sustaining the economics of scale that have given cities their rightful place in a modern, globalised economy. While this era of mobility created unprecedented levels of economic and personal freedom, it also sowed the seeds of today’s mobility challenges.
Looking back, it’s clear that each major leap in mobility emerged from the need to overcome the limitations of the previous era. I suppose that’s a defining feature of how we think about progress.
Now, we find ourselves at a similar crossroads. The choices we make today will determine whether our cities evolve into vibrant, human-centred spaces or remain trapped in an ever-growing traffic jam.
What the future holds for urban transportation
The future of mobility is poised for radical change, driven by technological advancements, shifting societal values, and environmental imperatives. The decline of private car ownership is just one facet of this change.
The rise of shared mobility platforms, electric vehicles, autonomous driving technology, and micromobility options such as e-bikes, e-scooters, and innovative sharing schemes suggest a shift towards more flexible, efficient, and sustainable forms of transportation. The market for micromobility is poised to
grow by 100 percent towards 2030
and reach a combined value of a whopping $360 billion.
Though not a viable option yet, autonomous vehicles (AVs) hold the promise of reducing traffic congestion and accidents by eliminating human error. Coupled with electric powertrains, AVs could dramatically lower the carbon footprint of transportation.
Meanwhile, the expansion of public transport and the gradual development of smart city technologies – once considered a pipe dream – could help ease urban congestion by enabling infrastructure to communicate with vehicles and optimise traffic flow.
However, this evolution will not be without its challenges, and obviously there is no such thing as a quick fix. The transition to electric and autonomous vehicles requires substantial investment in infrastructure, from charging stations to smart grids, and new business models.
Additionally, the rise of shared and autonomous vehicles could disrupt industries, displace jobs, and is already perplexing us with a host of new ethical and regulatory dilemmas. The question is not just how we will move, but how we will navigate the broader societal changes that follow in the wake of these new technologies
In
reflecting
on
the
past
and
speculating
about
the
future,
one
thing
becomes
clear:
The
way
we
think
about
mobility
needs
to
change.
To create cities that are truly smart and sustainable, we need to start prioritising people and places over vehicles. Hence, mobility needs to become less about the individual journey and more about a collective experience, less about getting from A to B, and more about making A and B better places to live.
The mobility sector must embrace this shift by innovating not just in the vehicles it produces, but in the very infrastructure that supports our daily lives. This will require bold thinking, meaningful investment, and a willingness to challenge long-held assumptions. So, in the spirit of design and foresight, here are some questions to consider:
What if the future of mobility means moving less – but living more?
With the decline in private car ownership, what new business models could the mobility sector explore to maintain and grow customer engagement?
As consumer preferences shift towards sustainability, what opportunities exist for creating value in novel ways?
How might design contribute to creating a commuting experience that people actually look forward to?
How might we design cities and environments that make us want to walk, linger, and connect, rather than rush from one place to another?
What role should technology play in making transportation more sustainable and equitable?
What ethical boundaries must we set as we begin to lean into AI systems and autonomous technologies? How can we trust these invisible systems that we cannot see?
How do we balance the need for innovation with the potential disruptions it may cause to jobs and industries?
The answers to these questions won’t come easily, but they are likely to shape the cities of tomorrow. One thing we know for sure is that it will require collaboration, creativity, and a commitment to rethinking the way we connect and move through the world.
Sources
https://www.kk.dk/sites/default/files/2023-06/Mobilitetsredegørelsen%202023.pdf
https://www.mckinsey.com/industries/automotive-and-assembly/our-insights/the-future-of-mobility-mobility-evolves
https://www.archdaily.com/962924/building-a-city-from-scratch-the-story-of-songdo-korea
https://www.bloomberg.com/news/articles/2018-06-22/songdo-south-korea-s-smartest-city-is-lonely
https://www.fastcompany.com/90664283/why-high-profile-smart-cities-fail-from-sidewalks-quayside-to-amazons-hq2-in-queens
https://www.fastcompany.com/90995444/the-uaes-green-city-is-a-cautionary-tale-its-hard-to-build-a-climate-haven-no-matter-how-much-oil-money-you-have
Do
you
want
to
explore
your
next
mobility
design
project?
We'd
love
to
help
–
let’s
chat
.
Related
Read more
Point of view –
Jun 09, 2025
Designing for the Now: Context-Aware Systems and the Future of CX
Read more
Read more
Point of view –
Jan 15, 2025
How innovation is shaping the future of banking
Read more
See more
Podcast –
Dec 16, 2021
Episode 10: Workplaces don't work for everyone. So how can they be fixed?
Read more
Dive in
Event –
May 21, 2025
Designit, A/S Bygmestervej 61 2400, Copenhagen NV
Beyond the lens 2.0: Balancing efficiency and originality in creative work
Read more
Show more stories
→"
www.designit.com,https://www.designit.com/stories,stories,"I
d
e
a
s
&
i
n
s
i
g
h
t
s
News –
Nov 04, 2024
Keri Dawson named global leader at Designit
Read more.
Dive in
Point of view –
Jun 09, 2025
Designing for the Now: Context-Aware Systems and the Future of CX
Read more
Read more
Event –
Jun 19, 2025
Designit, A/S Bygmestervej 61 2400, Copenhagen NV
Beyond the lens 2.0: Balancing efficiency and originality in creative work
Read more
Learn more
Point of view –
Jan 15, 2025
How innovation is shaping the future of banking
Read more
Read more
Point of view –
Jan 14, 2025
2025 Brand and Marketing Predictions: Trends in Storytelling, Joy, and Collaboration
Read more
Read more
Point of view –
Jan 14, 2025
2025 Healthcare Predictions: Transforming Patient Experience with Technology
Read more
Read more
Point of view –
Jan 14, 2025
2025 Financial Services Predictions: Sustainability, Personalisation, and Digital Resilience
Read more
Learn more
Point of view –
Jan 14, 2025
2025 Aviation Predictions: Frictionless Travel, Sustainable Innovations, and Airport Ecosystems
Read more
Dive in
Point of view –
Jan 14, 2025
2025 Design Predictions: Trust, Connections, and Digital Realities
Read more
Learn more
Point of view –
Jan 14, 2025
2025 Customer Experience Predictions: Adaptive Personalisation, Proactive Solutions & Trust-Driven Design
Read more
Read more
Point of view –
Jan 09, 2025
Navigating complexity to design meaningful, human-centric experiences in the energy sector
Read more
Dive in
News –
Dec 10, 2024
Three awards at prestigious Red Dot Awards
Read more
See more
Point of view –
Dec 04, 2024
Black Friday 2024 unpacked: A global perspective on consumerism and sustainability
Read more
Read more
Point of view –
Dec 02, 2024
The power of lifestyle choices in shaping a sustainable future
Read more
Read more
Point of view –
Dec 02, 2024
Breaking free from the algorithm: How brands can win back consumers through creativity
Read more
Dive in
Point of view –
Nov 27, 2024
Six rules for brands to court controversy and thrive
Read more
Dive in
Point of view –
Nov 25, 2024
Breaking free from the efficiency trap
Read more
Dive in
Event –
Nov 28, 2024
Designit Denmark A/S Bygmestervej 61 2400 Copenhagen NV
Growth Rebellion: Exploring new paradigms of value creation
Read more
Dive in
Point of view –
Nov 06, 2024
Winning over the Gen Z workforce: Why work-life balance must come first
Read more
Show more stories
+"
www.designit.com,https://www.designit.com/industries,industries,"W
h
o
w
e
w
o
r
k
w
i
t
h
For
more
than
30
years
we’ve
been
working
with
visionary
leaders
and
fearless
entrepreneurs
across
industries
and
sectors,
including
yours.
Industries
Energy
Reimagining tomorrow's energy industry is the kind of challenge design and customer experience is perfectly suited to.
Read more
Finance
Staying ahead in a sector with constant flux and increasing complexity is not straightforward.
Read more
Healthcare
Design-led innovation and technological progress have turned the healthcare industry on its head.
Read more
Aviation
Shaping the future of aviation through elevated experiences fueled by design, data, and technology.
Take off
Lifestyle
Creating humanity-centric lifestyle solutions and products reflect real people’s values, behaviours, and desires.
Read more
Mobility
There's no doubt technology has transformed how we move, use, and experience urban spaces.
Read more
Nonprofit
Decisions can take time. Creative processes come with risks. Build long-term collaborative partnerships for greater impact.
Read more
Public Sector
The public's expectations of the services they rely on are rising and the need for continuous innovation is ongoing.
Read more
Retail
What role convenience, sustainability and innovation will play are the important factors that will determine what direction the industry will go in.
Read more
Technology
Humanity-centred innovation experiences thrive when improving human interaction with the world - they’re a democratiser.
Read more"
www.designit.com,https://www.designit.com/stories/point-of-view/reimagining-mobility-through-design,stories/point-of-view/reimagining-mobility-through-design,"POV:
How to reimagine mobility in a world obsessed with cars
As
global
cities
grow
more
crowded
and
polluted,
mobility
is
at
a
critical
juncture.
The
private
car,
once
a
celebrated
symbol
of
freedom,
is
becoming
a
burden,
driving
cities
into
gridlock
and
pushing
urban
spaces
to
the
brink.
Explore
the
urgent
need
to
rethink
mobility
in
an
era
where
the
status
quo
is
no
longer
sustainable.
Date
Sep 10, 2024
In
Point of view
By
Jakob Voldum
Contact info for Jakob Voldum
Jakob Voldum
Insights and Strategy Design Director,
Copenhagen &
            Aarhus
jakob.voldum@designit.com
LinkedIn
The mobility crisis in cities
From the inefficiencies of car-centric cities to the promise of more human-centred design, delve into the challenges and changes that could redefine how you move and live in the urban world. Whether you're a mobility sector professional, a city planner, or simply someone tired of the daily traffic grind, this piece will provoke thought and hopefully inspire action.
Copenhagen is a city renowned for its cycling culture. And, as a Copenhagen native, I have a profound love of cycling. Cycling is my default mode of transportation: it’s quick, efficient, and, in a city with one of the world's most progressive cycling infrastructures, it’s often the fastest way to get around.
Yet, despite the convenience, charm, and obvious health benefits of cycling, there are days when I find myself behind the wheel of my car, inching forward in seemingly endless lines of traffic.
On these days, the frustration is palpable. The minutes slip by and turn into wasted hours, all while I wish I could just zone out and let the car take over. Regrettably, fully autonomous cars are likely still decades away ­– and don’t get me started on the predicament of finding a place to park in the city!
I suppose my frustration is fuelled by the experience of inefficiency. I’m left grappling with the stress of congestion and the reality that traffic in my home city, like most other large cities around the world, is only getting worse.
While Copenhagen is often celebrated as one of the most livable cities in the world, traffic and congestion continue to grow. In fact, the number of cars on Copenhagen’s roads is
projected to increase 18 percent by 2035.
The reason? The city is growing and expanding, and with this growth comes the inevitable strain on our transportation systems. Despite all the new modes of transport, an expanding metro, car-sharing schemes, e-bikes, and scooters, countless hours are wasted every year as commuters find themselves stuck in traffic.
What’s even more staggering is the amount of space dedicated to cars in a city that prides itself on its progressive cycling culture. Over 60 percent of the area between buildings in Copenhagen is taken up by roads and parking spaces. Imagine the possibilities if we could reclaim some of this space for other purposes in line with some of the bigger picture challenges we are facing! And if this is the situation in the rather orderly city of Copenhagen, how much worse must it be in megacities across the globe?
The unsustainable promise and premise of the smart city
These observations from Copenhagen may serve as a microcosm of the challenges facing much larger cities worldwide. Urbanisation continues to accelerate, and
by 2050, an estimated 68 percent of the world’s entire population will be living in cities,
increasing the pressure on already overburdened transportation systems.
The current trajectory is unsustainable, not just in terms of congestion and time wasted, but also in terms of pollution and environmental impact. Transportation accounts for nearly a quarter of global CO2 emissions, with privately owned cars contributing the lion's share.
Hence, the future of mobility is not just about getting from point A to point B; it's about reimagining the spaces we live in, the way we move about, and how we can reimagine our cities in a way where people are prioritised over cars. In short, this calls for a fundamental transformation in how we think about mobility and how we design our cities.
The fate of the smart city
I’m sometimes left wondering,
what happened to the lofty visions around
s
mart
c
ities that used to be so commonplace?
Years ago, when the term first emerged, I was led to believe that our urban landscapes would soon be transformed by seamless technology, with everything from traffic to waste management optimised by sophisticated sensors and data.
But reality bites. Take Songdo in South Korea, heralded as the world’s first fully smart city, built from the ground up. Despite the high-tech infrastructure, it struggled to attract residents and businesses, leaving much of it underutilised today. Or consider Masdar City in the UAE, envisioned as a zero-carbon smart city but now largely abandoned as the initial ambitions proved unsustainable and too costly.
These examples reflect a broader trend. Many smart city initiatives remain stuck in the concept phase, hampered by technical, financial, social, and political challenges that were underestimated from the start. And while there are certainly examples of cities that have successfully implemented smart technologies to improve urban living, I’m inclined to think that the term was mostly just a clever selling point for technology providers looking to “wow” decisionmakers with visions of a smarter future.
Where do we go from here?
If technology and the concept of smart cities have yet to deliver on their promises, what lies ahead? In
part two
, examine how cities like Nantes have taken a different path, reimagining their urban spaces to prioritise people over cars. Stay tuned as we explore real-world solutions and the creative possibilities that emerge when we rethink how we design our cities.
Sources
https://www.kk.dk/sites/default/files/2023-06/Mobilitetsredegørelsen%202023.pdf
https://www.mckinsey.com/industries/automotive-and-assembly/our-insights/the-future-of-mobility-mobility-evolves
https://www.archdaily.com/962924/building-a-city-from-scratch-the-story-of-songdo-korea
https://www.bloomberg.com/news/articles/2018-06-22/songdo-south-korea-s-smartest-city-is-lonely
https://www.fastcompany.com/90664283/why-high-profile-smart-cities-fail-from-sidewalks-quayside-to-amazons-hq2-in-queens
https://www.fastcompany.com/90995444/the-uaes-green-city-is-a-cautionary-tale-its-hard-to-build-a-climate-haven-no-matter-how-much-oil-money-you-have
Do
you
want
to
explore
your
next
mobility
design
project?
We'd
love
to
help
–
let’s
chat
.
Related
Learn more
Point of view –
Jun 09, 2025
Designing for the Now: Context-Aware Systems and the Future of CX
Read more
Dive in
Point of view –
Jan 15, 2025
How innovation is shaping the future of banking
Read more
Learn more
Podcast –
Dec 16, 2021
Episode 10: Workplaces don't work for everyone. So how can they be fixed?
Read more
Read more
Event –
May 21, 2025
Designit, A/S Bygmestervej 61 2400, Copenhagen NV
Beyond the lens 2.0: Balancing efficiency and originality in creative work
Read more
Show more stories
→"
www.designit.com,https://www.designit.com/stories/point-of-view/the-power-of-lifestyle-choices-in-shaping-a-sustainable-future,stories/point-of-view/the-power-of-lifestyle-choices-in-shaping-a-sustainable-future,"POV:
The power of lifestyle choices in shaping a sustainable future
Lifestyle
choices
significantly
influence
environmental
impact
–
but
empowering
people
through
thoughtful
design
and
trust-building
are
the
key
to
driving
meaningful
change
toward
sustainability.
Date
Dec 02, 2024
In
Point of view
By
Miguel Sabel
Contact info for Miguel Sabel
Miguel Sabel
Global Director of Strategy and Sustainability
miguel.sabel@designit.com
Our lifestyles tremendously influence our impact in the world.
Differences in lifestyles
mean, for instance, that the average Canadian citizen causes 14.2 tonnes of CO2e emissions per year, while someone living in Japan is responsible for 8.1.
Energy's role in lifestyle impact
Energy has a lot to do with these different footprints. Of course, there are systemic and contextual factors that consumers have limited agency on – for example, the mix of energy generation technologies available in a certain market. Still, there is a lot of room for individual lifestyle and behavioural choices.
Research has found disparities of up to 260 percent in the electric consumption in homes with similar structures and setups. We can safely assume there is space (and need) to evolve the average lifestyles of high and upper-middle-income countries to contribute to the mitigation of climate change and other negative externalities of human activity on the environment.
Behavioural change would also benefit the grids that transport a significant and increasing amount of the energy we use. The nature and variability of weather-dependent renewable energy sources like solar and wind are stressing the grid and affecting supply security. A visible example of the connection between the stability of the grid and our lifestyles are flexibility schemes. In 2023, 1.6 million UK households and businesses took part in them, reducing their energy consumption to ease the stress on the grid in exchange for an economic incentive.
‘Our experience working on energy solutions to improve the conditions of groups in vulnerable situations taught us that businesses need to address both individual actions and community-wide changes. It's crucial to consider how different income groups and values intersect on this journey to change.  

Often, thinking of a service as part of a web of services and interventions helps organisations create more effective solutions that empower people and don't leave them navigating this complexity ‘alone’.’
Myriam Molitor
Senior Service Designer, Designit London
Overcoming customer barriers to change
Technology has an increasingly positive impact in reducing our footprint or balancing the grid – but the developments and investments required aren't there yet. Customers must play their part.
The issue is that most customers feel they can't change their behaviours. ‘
What can we do? We just use the energy we need
’ is probably one of the most repeated answers in our energy-related customer research. But data says otherwise; there are tactics that are actionable, responsible, and successful, providing customers with the required incentives and abilities to change the amount of energy they use, when they use it, or how they use it.
Economic incentives are the most common tactics, such as dynamic pricing, time-of-use or flexibility schemes like the one mentioned earlier, each with their goals and rules. The fact that they are the most prevalent ones doesn't mean they are a silver bullet. Tariff-related tactics tend to be difficult to understand and they could unfairly target individuals with lower incomes.
A study on pro-social behaviour in the electricity market showed that framing energy conservation as beneficial to public health led to a reduction in energy use. Participants who were told that reducing energy could decrease pollutants and increase wellbeing cut consumption by 8.2 percent.
Another group, nudged with consumption data and comparisons with efficient homes, did not significantly conserve energy and increased usage by 3.8 percent. Thus, emphasising health benefits over financial savings effectively encouraged energy conservation. Other studies highlight the importance of information, feedback loops, using descriptive norms or default options and other choice architecture mechanisms embedded in the customer experience.
‘Many people struggle to find simple, reliable solutions they trust and can relate to. It's often about helping them envision what you can do now versus what you can do as part of the roadmap in the future. Building solutions for people in (financial) emergency situations where supporting long-term thinking and making investments that mainly pay off long term is particularly hard. 

One of the clues I've resorted to is to look at multiple entities working closely together to create a network of services. These services must address individuals' real situations (income levels, values, and mindsets) differently and find the right tension between supporting short-term adjustments and building roadmaps for solutions with the biggest long-term impact.’
Myriam Molitor
Senior Service Designer, Designit London
Automation and the future of energy management
An emerging demand management and response tactic is based on the autonomous interaction between the grid that supplies the energy and the appliances that consume it. Human decision-making is delegated: technology takes the lead. Devices receive a signal sent by the energy provider or network operator that changes the way they work.
Current similar schemes, like the Australian ‘PeakSmart’ programme, aim to reduce the load on the grid in peak moments. Once a strain on the grid is identified, the grid operator can send a signal to PeakSmart-enabled air conditioners to lower or turn them off. But the possibilities are even broader. Imagine devices that could react not just to increased demands on the system, but also to moments of more expensive or more polluting energy.
Energex, one of the utilities participating in the PeakSmart scheme, cut power to 170,000 air conditioners six times during the 2023-2024 peak season. Although many customers didn't notice any impact on their comfort levels during these cuts, the programme does receive criticism from customers and analysts. The programme's difficulty to audit and lack of agency or communication are among the main concerns.
Still, this is an obvious avenue for innovation and exploration. The British Standard Institute has defined a protocol for richer communication between smart grids and appliances. Developments on mainstream domotics and something as simple as programing the EV charger in your garage bring these emergent practices into normalcy.
‘The experiences we design are – intentionally or unintentionally – affected by perception biases. A particularly powerful bias is the status quo one: We humans are lazy by definition, and we like things to be done for us. When someone gives us 'default' or 'customised' values, we usually don’t change them. This bias is particularly evident in industries with low frequency and intensity of customer-brand interactions, such as the energy utilities sector. 

What would happen if utilities used the status quo bias to take control of our devices by default? We are lazy, but we also reject brand paternalism. The key here is trust. Trust is more important than ever, and companies must build and maintain it.  

We believe trust can be designed. But how can we build trust into invisible decision-making? Companies must embrace transparency and consider this as a learning process, both for their customers and for themselves. To make this complex process actionable, companies can leverage Do No Harm, Designit's responsible design framework, making every step of the process -and its implications- explicit for all parties involved.’
Aurora Sanz
Senior User Experience Designer, Designit Madrid
Building trust and empowering customers
How could you empower your clients to change their
lifestyle?
Understand what matters to them to design a relationship that benefits both parties; be aware of what they know and don't know to create empowering (not overwhelming) triggers.
Have your clients developed sufficient trust to delegate their decision-making to you?
By being vigilant about emerging technologies and practices, design the experience to enhance and support their decision-making processes.
Is
your
energy
strategy
ready
to
engage
tomorrow’s
customers?
Let's
innovate
together
.
Related
Dive in
Point of view –
Jun 09, 2025
Designing for the Now: Context-Aware Systems and the Future of CX
Read more
See more
Point of view –
Jan 15, 2025
How innovation is shaping the future of banking
Read more
Learn more
Podcast –
Dec 16, 2021
Episode 10: Workplaces don't work for everyone. So how can they be fixed?
Read more
See more
Event –
May 21, 2025
Designit, A/S Bygmestervej 61 2400, Copenhagen NV
Beyond the lens 2.0: Balancing efficiency and originality in creative work
Read more
Show more stories
→"
